-- phpMyAdmin SQL Dump
-- version 5.2.1
-- https://www.phpmyadmin.net/
--
-- Εξυπηρετητής: 127.0.0.1
-- Χρόνος δημιουργίας: 10 Μάη 2024 στις 09:53:14
-- Έκδοση διακομιστή: 10.4.32-MariaDB
-- Έκδοση PHP: 8.2.12

SET SQL_MODE = "NO_AUTO_VALUE_ON_ZERO";
START TRANSACTION;
SET time_zone = "+00:00";


/*!40101 SET @OLD_CHARACTER_SET_CLIENT=@@CHARACTER_SET_CLIENT */;
/*!40101 SET @OLD_CHARACTER_SET_RESULTS=@@CHARACTER_SET_RESULTS */;
/*!40101 SET @OLD_COLLATION_CONNECTION=@@COLLATION_CONNECTION */;
/*!40101 SET NAMES utf8mb4 */;

--
-- Βάση δεδομένων: `doctordb`
--

-- --------------------------------------------------------

--
-- Δομή πίνακα για τον πίνακα `appointment`
--

CREATE TABLE `appointment` (
  `id` int(11) NOT NULL,
  `appointment_date` date NOT NULL,
  `appointment_hour` time NOT NULL,
  `reason` varchar(100) NOT NULL,
  `doctor_id` int(11) NOT NULL,
  `patient_id` int(11) NOT NULL,
  `register_date` date NOT NULL,
  `status` enum('Δημιουργημένο','Τηρημένο','Ολοκληρωμένο','Ακυρωμένο') NOT NULL DEFAULT 'Δημιουργημένο'
) ENGINE=InnoDB DEFAULT CHARSET=utf8mb4 COLLATE=utf8mb4_general_ci;

--
-- Άδειασμα δεδομένων του πίνακα `appointment`
--

INSERT INTO `appointment` (`id`, `appointment_date`, `appointment_hour`, `reason`, `doctor_id`, `patient_id`, `register_date`, `status`) VALUES
(1, '2024-05-29', '11:30:00', 'Συχνοί πονοκέφαλοι', 1, 4, '2024-04-30', 'Ολοκληρωμένο'),
(2, '2024-05-29', '10:30:00', 'Γράψιμο Φαρμάκων', 1, 5, '2024-04-29', 'Δημιουργημένο'),
(3, '2024-05-29', '11:00:00', 'Ισχυαλγία', 1, 6, '2024-04-29', 'Ολοκληρωμένο'),
(4, '2024-05-29', '11:30:00', 'Πόνοι στην κοιλιά', 2, 4, '2024-04-29', 'Δημιουργημένο'),
(6, '2024-05-18', '10:00:00', 'Πρόβλημα στην ομιλία, βήχας', 1, 4, '2024-05-10', 'Ολοκληρωμένο'),
(7, '2024-05-29', '13:30:00', 'Πόνοι στην κοιλιά', 2, 10, '2024-05-29', 'Δημιουργημένο');

-- --------------------------------------------------------

--
-- Δομή πίνακα για τον πίνακα `doctor`
--

CREATE TABLE `doctor` (
  `id` int(11) NOT NULL,
  `user_id` int(11) NOT NULL,
  `specialization` enum('Γενική Ιατρική','Παθολόγος','Χειρούργος','Ορθοπεδικός','Παιδίατρος','Γυναικολόγος','Νευρολόγος','Καρδιολόγος') NOT NULL
) ENGINE=InnoDB DEFAULT CHARSET=utf8mb4 COLLATE=utf8mb4_general_ci;

--
-- Άδειασμα δεδομένων του πίνακα `doctor`
--

INSERT INTO `doctor` (`id`, `user_id`, `specialization`) VALUES
(1, 1, 'Γενική Ιατρική'),
(2, 8, 'Νευρολόγος');

-- --------------------------------------------------------

--
-- Δομή πίνακα για τον πίνακα `patient`
--

CREATE TABLE `patient` (
  `id` int(11) NOT NULL,
  `user_id` int(11) NOT NULL,
  `security_number` varchar(10) NOT NULL,
  `register_date` date NOT NULL
) ENGINE=InnoDB DEFAULT CHARSET=utf8mb4 COLLATE=utf8mb4_general_ci;

--
-- Άδειασμα δεδομένων του πίνακα `patient`
--

INSERT INTO `patient` (`id`, `user_id`, `security_number`, `register_date`) VALUES
(4, 9, '1234567891', '2024-04-27'),
(5, 10, '454436467', '2024-04-27'),
(6, 11, '456456456', '2024-04-27'),
(8, 13, '1234567890', '2024-05-09'),
(9, 14, '0987654321', '2024-05-09'),
(10, 15, '2468013579', '2024-05-09'),
(11, 16, '1357924680', '2024-05-09'),
(12, 17, '9876543210', '2024-05-09');

-- --------------------------------------------------------

--
-- Δομή πίνακα για τον πίνακα `record`
--

CREATE TABLE `record` (
  `id` int(11) NOT NULL,
  `patient_id` int(11) NOT NULL,
  `doctor_id` int(11) NOT NULL,
  `health_problems` text NOT NULL,
  `treatment` text NOT NULL,
  `register_date` date NOT NULL
) ENGINE=InnoDB DEFAULT CHARSET=utf8mb4 COLLATE=utf8mb4_general_ci;

--
-- Άδειασμα δεδομένων του πίνακα `record`
--

INSERT INTO `record` (`id`, `patient_id`, `doctor_id`, `health_problems`, `treatment`, `register_date`) VALUES
(1, 4, 1, 'Ημικρανίες', 'Χάπι', '2024-05-29'),
(2, 4, 1, 'Φαρυγγιτιδα', 'Αντιβιοτική θεραπεία', '2024-05-30');

-- --------------------------------------------------------

--
-- Δομή πίνακα για τον πίνακα `slot`
--

CREATE TABLE `slot` (
  `id` int(11) NOT NULL,
  `doctor_id` int(11) NOT NULL,
  `timeslot` datetime NOT NULL
) ENGINE=InnoDB DEFAULT CHARSET=utf8mb4 COLLATE=utf8mb4_general_ci;

--
-- Άδειασμα δεδομένων του πίνακα `slot`
--

INSERT INTO `slot` (`id`, `doctor_id`, `timeslot`) VALUES
(372, 1, '2024-05-01 09:00:00'),
(373, 1, '2024-05-01 09:30:00'),
(374, 1, '2024-05-01 10:00:00'),
(375, 1, '2024-05-01 10:30:00'),
(376, 1, '2024-05-01 11:00:00'),
(377, 1, '2024-05-01 11:30:00'),
(378, 1, '2024-05-01 12:00:00'),
(379, 1, '2024-05-01 12:30:00'),
(380, 1, '2024-05-01 13:00:00'),
(381, 1, '2024-05-01 13:30:00'),
(382, 1, '2024-05-01 14:00:00'),
(383, 1, '2024-05-02 09:00:00'),
(384, 1, '2024-05-02 09:30:00'),
(385, 1, '2024-05-02 10:00:00'),
(386, 1, '2024-05-02 10:30:00'),
(387, 1, '2024-05-02 11:00:00'),
(388, 1, '2024-05-02 11:30:00'),
(389, 1, '2024-05-02 12:00:00'),
(390, 1, '2024-05-02 12:30:00'),
(391, 1, '2024-05-02 13:00:00'),
(392, 1, '2024-05-02 13:30:00'),
(393, 1, '2024-05-02 14:00:00'),
(394, 1, '2024-05-03 09:00:00'),
(395, 1, '2024-05-03 09:30:00'),
(396, 1, '2024-05-03 10:00:00'),
(397, 1, '2024-05-03 10:30:00'),
(398, 1, '2024-05-03 11:00:00'),
(399, 1, '2024-05-03 11:30:00'),
(400, 1, '2024-05-03 12:00:00'),
(401, 1, '2024-05-03 12:30:00'),
(402, 1, '2024-05-03 13:00:00'),
(403, 1, '2024-05-03 13:30:00'),
(404, 1, '2024-05-03 14:00:00'),
(405, 1, '2024-05-04 09:00:00'),
(406, 1, '2024-05-04 09:30:00'),
(407, 1, '2024-05-04 10:00:00'),
(408, 1, '2024-05-04 10:30:00'),
(409, 1, '2024-05-04 11:00:00'),
(410, 1, '2024-05-04 11:30:00'),
(411, 1, '2024-05-04 12:00:00'),
(412, 1, '2024-05-04 12:30:00'),
(413, 1, '2024-05-04 13:00:00'),
(414, 1, '2024-05-04 13:30:00'),
(415, 1, '2024-05-04 14:00:00'),
(416, 1, '2024-05-05 09:00:00'),
(417, 1, '2024-05-05 09:30:00'),
(418, 1, '2024-05-05 10:00:00'),
(419, 1, '2024-05-05 10:30:00'),
(420, 1, '2024-05-05 11:00:00'),
(421, 1, '2024-05-05 11:30:00'),
(422, 1, '2024-05-05 12:00:00'),
(423, 1, '2024-05-05 12:30:00'),
(424, 1, '2024-05-05 13:00:00'),
(425, 1, '2024-05-05 13:30:00'),
(426, 1, '2024-05-05 14:00:00'),
(427, 1, '2024-05-06 09:00:00'),
(428, 1, '2024-05-06 09:30:00'),
(429, 1, '2024-05-06 10:00:00'),
(430, 1, '2024-05-06 10:30:00'),
(431, 1, '2024-05-06 11:00:00'),
(432, 1, '2024-05-06 11:30:00'),
(433, 1, '2024-05-06 12:00:00'),
(434, 1, '2024-05-06 12:30:00'),
(435, 1, '2024-05-06 13:00:00'),
(436, 1, '2024-05-06 13:30:00'),
(437, 1, '2024-05-06 14:00:00'),
(438, 1, '2024-05-07 09:00:00'),
(439, 1, '2024-05-07 09:30:00'),
(440, 1, '2024-05-07 10:00:00'),
(441, 1, '2024-05-07 10:30:00'),
(442, 1, '2024-05-07 11:00:00'),
(443, 1, '2024-05-07 11:30:00'),
(444, 1, '2024-05-07 12:00:00'),
(445, 1, '2024-05-07 12:30:00'),
(446, 1, '2024-05-07 13:00:00'),
(447, 1, '2024-05-07 13:30:00'),
(448, 1, '2024-05-07 14:00:00'),
(449, 1, '2024-05-08 09:00:00'),
(450, 1, '2024-05-08 09:30:00'),
(451, 1, '2024-05-08 10:00:00'),
(452, 1, '2024-05-08 10:30:00'),
(453, 1, '2024-05-08 11:00:00'),
(454, 1, '2024-05-08 11:30:00'),
(455, 1, '2024-05-08 12:00:00'),
(456, 1, '2024-05-08 12:30:00'),
(457, 1, '2024-05-08 13:00:00'),
(458, 1, '2024-05-08 13:30:00'),
(459, 1, '2024-05-08 14:00:00'),
(460, 1, '2024-05-09 09:00:00'),
(461, 1, '2024-05-09 09:30:00'),
(462, 1, '2024-05-09 10:00:00'),
(463, 1, '2024-05-09 10:30:00'),
(464, 1, '2024-05-09 11:00:00'),
(465, 1, '2024-05-09 11:30:00'),
(466, 1, '2024-05-09 12:00:00'),
(467, 1, '2024-05-09 12:30:00'),
(468, 1, '2024-05-09 13:00:00'),
(469, 1, '2024-05-09 13:30:00'),
(470, 1, '2024-05-09 14:00:00'),
(471, 1, '2024-05-10 09:00:00'),
(472, 1, '2024-05-10 09:30:00'),
(473, 1, '2024-05-10 10:00:00'),
(474, 1, '2024-05-10 10:30:00'),
(475, 1, '2024-05-10 11:00:00'),
(476, 1, '2024-05-10 11:30:00'),
(477, 1, '2024-05-10 12:00:00'),
(478, 1, '2024-05-10 12:30:00'),
(479, 1, '2024-05-10 13:00:00'),
(480, 1, '2024-05-10 13:30:00'),
(481, 1, '2024-05-10 14:00:00'),
(482, 1, '2024-05-11 09:00:00'),
(483, 1, '2024-05-11 09:30:00'),
(484, 1, '2024-05-11 10:00:00'),
(485, 1, '2024-05-11 10:30:00'),
(486, 1, '2024-05-11 11:00:00'),
(487, 1, '2024-05-11 11:30:00'),
(488, 1, '2024-05-11 12:00:00'),
(489, 1, '2024-05-11 12:30:00'),
(490, 1, '2024-05-11 13:00:00'),
(491, 1, '2024-05-11 13:30:00'),
(492, 1, '2024-05-11 14:00:00'),
(493, 1, '2024-05-12 09:00:00'),
(494, 1, '2024-05-12 09:30:00'),
(495, 1, '2024-05-12 10:00:00'),
(496, 1, '2024-05-12 10:30:00'),
(497, 1, '2024-05-12 11:00:00'),
(498, 1, '2024-05-12 11:30:00'),
(499, 1, '2024-05-12 12:00:00'),
(500, 1, '2024-05-12 12:30:00'),
(501, 1, '2024-05-12 13:00:00'),
(502, 1, '2024-05-12 13:30:00'),
(503, 1, '2024-05-12 14:00:00'),
(504, 1, '2024-05-13 09:00:00'),
(505, 1, '2024-05-13 09:30:00'),
(506, 1, '2024-05-13 10:00:00'),
(507, 1, '2024-05-13 10:30:00'),
(508, 1, '2024-05-13 11:00:00'),
(509, 1, '2024-05-13 11:30:00'),
(510, 1, '2024-05-13 12:00:00'),
(511, 1, '2024-05-13 12:30:00'),
(512, 1, '2024-05-13 13:00:00'),
(513, 1, '2024-05-13 13:30:00'),
(514, 1, '2024-05-13 14:00:00'),
(515, 1, '2024-05-14 09:00:00'),
(516, 1, '2024-05-14 09:30:00'),
(517, 1, '2024-05-14 10:00:00'),
(518, 1, '2024-05-14 10:30:00'),
(519, 1, '2024-05-14 11:00:00'),
(520, 1, '2024-05-14 11:30:00'),
(521, 1, '2024-05-14 12:00:00'),
(522, 1, '2024-05-14 12:30:00'),
(523, 1, '2024-05-14 13:00:00'),
(524, 1, '2024-05-14 13:30:00'),
(525, 1, '2024-05-14 14:00:00'),
(526, 1, '2024-05-15 09:00:00'),
(527, 1, '2024-05-15 09:30:00'),
(528, 1, '2024-05-15 10:00:00'),
(529, 1, '2024-05-15 10:30:00'),
(530, 1, '2024-05-15 11:00:00'),
(531, 1, '2024-05-15 11:30:00'),
(532, 1, '2024-05-15 12:00:00'),
(533, 1, '2024-05-15 12:30:00'),
(534, 1, '2024-05-15 13:00:00'),
(535, 1, '2024-05-15 13:30:00'),
(536, 1, '2024-05-15 14:00:00'),
(537, 1, '2024-05-16 09:00:00'),
(538, 1, '2024-05-16 09:30:00'),
(539, 1, '2024-05-16 10:00:00'),
(540, 1, '2024-05-16 10:30:00'),
(541, 1, '2024-05-16 11:00:00'),
(542, 1, '2024-05-16 11:30:00'),
(543, 1, '2024-05-16 12:00:00'),
(544, 1, '2024-05-16 12:30:00'),
(545, 1, '2024-05-16 13:00:00'),
(546, 1, '2024-05-16 13:30:00'),
(547, 1, '2024-05-16 14:00:00'),
(548, 1, '2024-05-17 09:00:00'),
(549, 1, '2024-05-17 09:30:00'),
(550, 1, '2024-05-17 10:00:00'),
(551, 1, '2024-05-17 10:30:00'),
(552, 1, '2024-05-17 11:00:00'),
(553, 1, '2024-05-17 11:30:00'),
(554, 1, '2024-05-17 12:00:00'),
(555, 1, '2024-05-17 12:30:00'),
(556, 1, '2024-05-17 13:00:00'),
(557, 1, '2024-05-17 13:30:00'),
(558, 1, '2024-05-17 14:00:00'),
(559, 1, '2024-05-18 09:00:00'),
(560, 1, '2024-05-18 09:30:00'),
(561, 1, '2024-05-18 10:00:00'),
(562, 1, '2024-05-18 10:30:00'),
(563, 1, '2024-05-18 11:00:00'),
(564, 1, '2024-05-18 11:30:00'),
(565, 1, '2024-05-18 12:00:00'),
(566, 1, '2024-05-18 12:30:00'),
(567, 1, '2024-05-18 13:00:00'),
(568, 1, '2024-05-18 13:30:00'),
(569, 1, '2024-05-18 14:00:00'),
(570, 1, '2024-05-19 09:00:00'),
(571, 1, '2024-05-19 09:30:00'),
(572, 1, '2024-05-19 10:00:00'),
(573, 1, '2024-05-19 10:30:00'),
(574, 1, '2024-05-19 11:00:00'),
(575, 1, '2024-05-19 11:30:00'),
(576, 1, '2024-05-19 12:00:00'),
(577, 1, '2024-05-19 12:30:00'),
(578, 1, '2024-05-19 13:00:00'),
(579, 1, '2024-05-19 13:30:00'),
(580, 1, '2024-05-19 14:00:00'),
(581, 1, '2024-05-20 09:00:00'),
(582, 1, '2024-05-20 09:30:00'),
(583, 1, '2024-05-20 10:00:00'),
(584, 1, '2024-05-20 10:30:00'),
(585, 1, '2024-05-20 11:00:00'),
(586, 1, '2024-05-20 11:30:00'),
(587, 1, '2024-05-20 12:00:00'),
(588, 1, '2024-05-20 12:30:00'),
(589, 1, '2024-05-20 13:00:00'),
(590, 1, '2024-05-20 13:30:00'),
(591, 1, '2024-05-20 14:00:00'),
(592, 1, '2024-05-21 09:00:00'),
(593, 1, '2024-05-21 09:30:00'),
(594, 1, '2024-05-21 10:00:00'),
(595, 1, '2024-05-21 10:30:00'),
(596, 1, '2024-05-21 11:00:00'),
(597, 1, '2024-05-21 11:30:00'),
(598, 1, '2024-05-21 12:00:00'),
(599, 1, '2024-05-21 12:30:00'),
(600, 1, '2024-05-21 13:00:00'),
(601, 1, '2024-05-21 13:30:00'),
(602, 1, '2024-05-21 14:00:00'),
(603, 1, '2024-05-22 09:00:00'),
(604, 1, '2024-05-22 09:30:00'),
(605, 1, '2024-05-22 10:00:00'),
(606, 1, '2024-05-22 10:30:00'),
(607, 1, '2024-05-22 11:00:00'),
(608, 1, '2024-05-22 11:30:00'),
(609, 1, '2024-05-22 12:00:00'),
(610, 1, '2024-05-22 12:30:00'),
(611, 1, '2024-05-22 13:00:00'),
(612, 1, '2024-05-22 13:30:00'),
(613, 1, '2024-05-22 14:00:00'),
(614, 1, '2024-05-23 09:00:00'),
(615, 1, '2024-05-23 09:30:00'),
(616, 1, '2024-05-23 10:00:00'),
(617, 1, '2024-05-23 10:30:00'),
(618, 1, '2024-05-23 11:00:00'),
(619, 1, '2024-05-23 11:30:00'),
(620, 1, '2024-05-23 12:00:00'),
(621, 1, '2024-05-23 12:30:00'),
(622, 1, '2024-05-23 13:00:00'),
(623, 1, '2024-05-23 13:30:00'),
(624, 1, '2024-05-23 14:00:00'),
(625, 1, '2024-05-24 09:00:00'),
(626, 1, '2024-05-24 09:30:00'),
(627, 1, '2024-05-24 10:00:00'),
(628, 1, '2024-05-24 10:30:00'),
(629, 1, '2024-05-24 11:00:00'),
(630, 1, '2024-05-24 11:30:00'),
(631, 1, '2024-05-24 12:00:00'),
(632, 1, '2024-05-24 12:30:00'),
(633, 1, '2024-05-24 13:00:00'),
(634, 1, '2024-05-24 13:30:00'),
(635, 1, '2024-05-24 14:00:00'),
(636, 1, '2024-05-25 09:00:00'),
(637, 1, '2024-05-25 09:30:00'),
(638, 1, '2024-05-25 10:00:00'),
(639, 1, '2024-05-25 10:30:00'),
(640, 1, '2024-05-25 11:00:00'),
(641, 1, '2024-05-25 11:30:00'),
(642, 1, '2024-05-25 12:00:00'),
(643, 1, '2024-05-25 12:30:00'),
(644, 1, '2024-05-25 13:00:00'),
(645, 1, '2024-05-25 13:30:00'),
(646, 1, '2024-05-25 14:00:00'),
(647, 1, '2024-05-26 09:00:00'),
(648, 1, '2024-05-26 09:30:00'),
(649, 1, '2024-05-26 10:00:00'),
(650, 1, '2024-05-26 10:30:00'),
(651, 1, '2024-05-26 11:00:00'),
(652, 1, '2024-05-26 11:30:00'),
(653, 1, '2024-05-26 12:00:00'),
(654, 1, '2024-05-26 12:30:00'),
(655, 1, '2024-05-26 13:00:00'),
(656, 1, '2024-05-26 13:30:00'),
(657, 1, '2024-05-26 14:00:00'),
(658, 1, '2024-05-27 09:00:00'),
(659, 1, '2024-05-27 09:30:00'),
(660, 1, '2024-05-27 10:00:00'),
(661, 1, '2024-05-27 10:30:00'),
(662, 1, '2024-05-27 11:00:00'),
(663, 1, '2024-05-27 11:30:00'),
(664, 1, '2024-05-27 12:00:00'),
(665, 1, '2024-05-27 12:30:00'),
(666, 1, '2024-05-27 13:00:00'),
(667, 1, '2024-05-27 13:30:00'),
(668, 1, '2024-05-27 14:00:00'),
(669, 1, '2024-05-28 09:00:00'),
(670, 1, '2024-05-28 09:30:00'),
(671, 1, '2024-05-28 10:00:00'),
(672, 1, '2024-05-28 10:30:00'),
(673, 1, '2024-05-28 11:00:00'),
(674, 1, '2024-05-28 11:30:00'),
(675, 1, '2024-05-28 12:00:00'),
(676, 1, '2024-05-28 12:30:00'),
(677, 1, '2024-05-28 13:00:00'),
(678, 1, '2024-05-28 13:30:00'),
(679, 1, '2024-05-28 14:00:00'),
(680, 1, '2024-05-29 09:00:00'),
(681, 1, '2024-05-29 09:30:00'),
(682, 1, '2024-05-29 10:00:00'),
(683, 1, '2024-05-29 10:30:00'),
(684, 1, '2024-05-29 11:00:00'),
(685, 1, '2024-05-29 11:30:00'),
(686, 1, '2024-05-29 12:00:00'),
(687, 1, '2024-05-29 12:30:00'),
(688, 1, '2024-05-29 13:00:00'),
(689, 1, '2024-05-29 13:30:00'),
(690, 1, '2024-05-29 14:00:00'),
(691, 1, '2024-05-30 09:00:00'),
(692, 1, '2024-05-30 09:30:00'),
(693, 1, '2024-05-30 10:00:00'),
(694, 1, '2024-05-30 10:30:00'),
(695, 1, '2024-05-30 11:00:00'),
(696, 1, '2024-05-30 11:30:00'),
(697, 1, '2024-05-30 12:00:00'),
(698, 1, '2024-05-30 12:30:00'),
(699, 1, '2024-05-30 13:00:00'),
(700, 1, '2024-05-30 13:30:00'),
(701, 1, '2024-05-30 14:00:00'),
(702, 2, '2024-05-01 09:00:00'),
(703, 2, '2024-05-01 09:30:00'),
(704, 2, '2024-05-01 10:00:00'),
(705, 2, '2024-05-01 10:30:00'),
(706, 2, '2024-05-01 11:00:00'),
(707, 2, '2024-05-01 11:30:00'),
(708, 2, '2024-05-01 12:00:00'),
(709, 2, '2024-05-01 12:30:00'),
(710, 2, '2024-05-01 13:00:00'),
(711, 2, '2024-05-01 13:30:00'),
(712, 2, '2024-05-01 14:00:00'),
(713, 2, '2024-05-01 14:30:00'),
(714, 2, '2024-05-02 09:00:00'),
(715, 2, '2024-05-02 09:30:00'),
(716, 2, '2024-05-02 10:00:00'),
(717, 2, '2024-05-02 10:30:00'),
(718, 2, '2024-05-02 11:00:00'),
(719, 2, '2024-05-02 11:30:00'),
(720, 2, '2024-05-02 12:00:00'),
(721, 2, '2024-05-02 12:30:00'),
(722, 2, '2024-05-02 13:00:00'),
(723, 2, '2024-05-02 13:30:00'),
(724, 2, '2024-05-02 14:00:00'),
(725, 2, '2024-05-02 14:30:00'),
(726, 2, '2024-05-01 09:00:00'),
(727, 2, '2024-05-01 09:30:00'),
(728, 2, '2024-05-01 10:00:00'),
(729, 2, '2024-05-01 10:30:00'),
(730, 2, '2024-05-01 11:00:00'),
(731, 2, '2024-05-01 11:30:00'),
(732, 2, '2024-05-01 12:00:00'),
(733, 2, '2024-05-01 12:30:00'),
(734, 2, '2024-05-01 13:00:00'),
(735, 2, '2024-05-01 13:30:00'),
(736, 2, '2024-05-01 14:00:00'),
(737, 2, '2024-05-02 09:00:00'),
(738, 2, '2024-05-02 09:30:00'),
(739, 2, '2024-05-02 10:00:00'),
(740, 2, '2024-05-02 10:30:00'),
(741, 2, '2024-05-02 11:00:00'),
(742, 2, '2024-05-02 11:30:00'),
(743, 2, '2024-05-02 12:00:00'),
(744, 2, '2024-05-02 12:30:00'),
(745, 2, '2024-05-02 13:00:00'),
(746, 2, '2024-05-02 13:30:00'),
(747, 2, '2024-05-02 14:00:00'),
(748, 2, '2024-05-03 09:00:00'),
(749, 2, '2024-05-03 09:30:00'),
(750, 2, '2024-05-03 10:00:00'),
(751, 2, '2024-05-03 10:30:00'),
(752, 2, '2024-05-03 11:00:00'),
(753, 2, '2024-05-03 11:30:00'),
(754, 2, '2024-05-03 12:00:00'),
(755, 2, '2024-05-03 12:30:00'),
(756, 2, '2024-05-03 13:00:00'),
(757, 2, '2024-05-03 13:30:00'),
(758, 2, '2024-05-03 14:00:00'),
(759, 2, '2024-05-04 09:00:00'),
(760, 2, '2024-05-04 09:30:00'),
(761, 2, '2024-05-04 10:00:00'),
(762, 2, '2024-05-04 10:30:00'),
(763, 2, '2024-05-04 11:00:00'),
(764, 2, '2024-05-04 11:30:00'),
(765, 2, '2024-05-04 12:00:00'),
(766, 2, '2024-05-04 12:30:00'),
(767, 2, '2024-05-04 13:00:00'),
(768, 2, '2024-05-04 13:30:00'),
(769, 2, '2024-05-04 14:00:00'),
(770, 2, '2024-05-05 09:00:00'),
(771, 2, '2024-05-05 09:30:00'),
(772, 2, '2024-05-05 10:00:00'),
(773, 2, '2024-05-05 10:30:00'),
(774, 2, '2024-05-05 11:00:00'),
(775, 2, '2024-05-05 11:30:00'),
(776, 2, '2024-05-05 12:00:00'),
(777, 2, '2024-05-05 12:30:00'),
(778, 2, '2024-05-05 13:00:00'),
(779, 2, '2024-05-05 13:30:00'),
(780, 2, '2024-05-05 14:00:00'),
(781, 2, '2024-05-06 09:00:00'),
(782, 2, '2024-05-06 09:30:00'),
(783, 2, '2024-05-06 10:00:00'),
(784, 2, '2024-05-06 10:30:00'),
(785, 2, '2024-05-06 11:00:00'),
(786, 2, '2024-05-06 11:30:00'),
(787, 2, '2024-05-06 12:00:00'),
(788, 2, '2024-05-06 12:30:00'),
(789, 2, '2024-05-06 13:00:00'),
(790, 2, '2024-05-06 13:30:00'),
(791, 2, '2024-05-06 14:00:00'),
(792, 2, '2024-05-07 09:00:00'),
(793, 2, '2024-05-07 09:30:00'),
(794, 2, '2024-05-07 10:00:00'),
(795, 2, '2024-05-07 10:30:00'),
(796, 2, '2024-05-07 11:00:00'),
(797, 2, '2024-05-07 11:30:00'),
(798, 2, '2024-05-07 12:00:00'),
(799, 2, '2024-05-07 12:30:00'),
(800, 2, '2024-05-07 13:00:00'),
(801, 2, '2024-05-07 13:30:00'),
(802, 2, '2024-05-07 14:00:00'),
(803, 2, '2024-05-08 09:00:00'),
(804, 2, '2024-05-08 09:30:00'),
(805, 2, '2024-05-08 10:00:00'),
(806, 2, '2024-05-08 10:30:00'),
(807, 2, '2024-05-08 11:00:00'),
(808, 2, '2024-05-08 11:30:00'),
(809, 2, '2024-05-08 12:00:00'),
(810, 2, '2024-05-08 12:30:00'),
(811, 2, '2024-05-08 13:00:00'),
(812, 2, '2024-05-08 13:30:00'),
(813, 2, '2024-05-08 14:00:00'),
(814, 2, '2024-05-09 09:00:00'),
(815, 2, '2024-05-09 09:30:00'),
(816, 2, '2024-05-09 10:00:00'),
(817, 2, '2024-05-09 10:30:00'),
(818, 2, '2024-05-09 11:00:00'),
(819, 2, '2024-05-09 11:30:00'),
(820, 2, '2024-05-09 12:00:00'),
(821, 2, '2024-05-09 12:30:00'),
(822, 2, '2024-05-09 13:00:00'),
(823, 2, '2024-05-09 13:30:00'),
(824, 2, '2024-05-09 14:00:00'),
(825, 2, '2024-05-10 09:00:00'),
(826, 2, '2024-05-10 09:30:00'),
(827, 2, '2024-05-10 10:00:00'),
(828, 2, '2024-05-10 10:30:00'),
(829, 2, '2024-05-10 11:00:00'),
(830, 2, '2024-05-10 11:30:00'),
(831, 2, '2024-05-10 12:00:00'),
(832, 2, '2024-05-10 12:30:00'),
(833, 2, '2024-05-10 13:00:00'),
(834, 2, '2024-05-10 13:30:00'),
(835, 2, '2024-05-10 14:00:00'),
(836, 2, '2024-05-11 09:00:00'),
(837, 2, '2024-05-11 09:30:00'),
(838, 2, '2024-05-11 10:00:00'),
(839, 2, '2024-05-11 10:30:00'),
(840, 2, '2024-05-11 11:00:00'),
(841, 2, '2024-05-11 11:30:00'),
(842, 2, '2024-05-11 12:00:00'),
(843, 2, '2024-05-11 12:30:00'),
(844, 2, '2024-05-11 13:00:00'),
(845, 2, '2024-05-11 13:30:00'),
(846, 2, '2024-05-11 14:00:00'),
(847, 2, '2024-05-12 09:00:00'),
(848, 2, '2024-05-12 09:30:00'),
(849, 2, '2024-05-12 10:00:00'),
(850, 2, '2024-05-12 10:30:00'),
(851, 2, '2024-05-12 11:00:00'),
(852, 2, '2024-05-12 11:30:00'),
(853, 2, '2024-05-12 12:00:00'),
(854, 2, '2024-05-12 12:30:00'),
(855, 2, '2024-05-12 13:00:00'),
(856, 2, '2024-05-12 13:30:00'),
(857, 2, '2024-05-12 14:00:00'),
(858, 2, '2024-05-13 09:00:00'),
(859, 2, '2024-05-13 09:30:00'),
(860, 2, '2024-05-13 10:00:00'),
(861, 2, '2024-05-13 10:30:00'),
(862, 2, '2024-05-13 11:00:00'),
(863, 2, '2024-05-13 11:30:00'),
(864, 2, '2024-05-13 12:00:00'),
(865, 2, '2024-05-13 12:30:00'),
(866, 2, '2024-05-13 13:00:00'),
(867, 2, '2024-05-13 13:30:00'),
(868, 2, '2024-05-13 14:00:00'),
(869, 2, '2024-05-14 09:00:00'),
(870, 2, '2024-05-14 09:30:00'),
(871, 2, '2024-05-14 10:00:00'),
(872, 2, '2024-05-14 10:30:00'),
(873, 2, '2024-05-14 11:00:00'),
(874, 2, '2024-05-14 11:30:00'),
(875, 2, '2024-05-14 12:00:00'),
(876, 2, '2024-05-14 12:30:00'),
(877, 2, '2024-05-14 13:00:00'),
(878, 2, '2024-05-14 13:30:00'),
(879, 2, '2024-05-14 14:00:00'),
(880, 2, '2024-05-15 09:00:00'),
(881, 2, '2024-05-15 09:30:00'),
(882, 2, '2024-05-15 10:00:00'),
(883, 2, '2024-05-15 10:30:00'),
(884, 2, '2024-05-15 11:00:00'),
(885, 2, '2024-05-15 11:30:00'),
(886, 2, '2024-05-15 12:00:00'),
(887, 2, '2024-05-15 12:30:00'),
(888, 2, '2024-05-15 13:00:00'),
(889, 2, '2024-05-15 13:30:00'),
(890, 2, '2024-05-15 14:00:00'),
(891, 2, '2024-05-16 09:00:00'),
(892, 2, '2024-05-16 09:30:00'),
(893, 2, '2024-05-16 10:00:00'),
(894, 2, '2024-05-16 10:30:00'),
(895, 2, '2024-05-16 11:00:00'),
(896, 2, '2024-05-16 11:30:00'),
(897, 2, '2024-05-16 12:00:00'),
(898, 2, '2024-05-16 12:30:00'),
(899, 2, '2024-05-16 13:00:00'),
(900, 2, '2024-05-16 13:30:00'),
(901, 2, '2024-05-16 14:00:00'),
(902, 2, '2024-05-17 09:00:00'),
(903, 2, '2024-05-17 09:30:00'),
(904, 2, '2024-05-17 10:00:00'),
(905, 2, '2024-05-17 10:30:00'),
(906, 2, '2024-05-17 11:00:00'),
(907, 2, '2024-05-17 11:30:00'),
(908, 2, '2024-05-17 12:00:00'),
(909, 2, '2024-05-17 12:30:00'),
(910, 2, '2024-05-17 13:00:00'),
(911, 2, '2024-05-17 13:30:00'),
(912, 2, '2024-05-17 14:00:00'),
(913, 2, '2024-05-18 09:00:00'),
(914, 2, '2024-05-18 09:30:00'),
(915, 2, '2024-05-18 10:00:00'),
(916, 2, '2024-05-18 10:30:00'),
(917, 2, '2024-05-18 11:00:00'),
(918, 2, '2024-05-18 11:30:00'),
(919, 2, '2024-05-18 12:00:00'),
(920, 2, '2024-05-18 12:30:00'),
(921, 2, '2024-05-18 13:00:00'),
(922, 2, '2024-05-18 13:30:00'),
(923, 2, '2024-05-18 14:00:00'),
(924, 2, '2024-05-19 09:00:00'),
(925, 2, '2024-05-19 09:30:00'),
(926, 2, '2024-05-19 10:00:00'),
(927, 2, '2024-05-19 10:30:00'),
(928, 2, '2024-05-19 11:00:00'),
(929, 2, '2024-05-19 11:30:00'),
(930, 2, '2024-05-19 12:00:00'),
(931, 2, '2024-05-19 12:30:00'),
(932, 2, '2024-05-19 13:00:00'),
(933, 2, '2024-05-19 13:30:00'),
(934, 2, '2024-05-19 14:00:00'),
(935, 2, '2024-05-20 09:00:00'),
(936, 2, '2024-05-20 09:30:00'),
(937, 2, '2024-05-20 10:00:00'),
(938, 2, '2024-05-20 10:30:00'),
(939, 2, '2024-05-20 11:00:00'),
(940, 2, '2024-05-20 11:30:00'),
(941, 2, '2024-05-20 12:00:00'),
(942, 2, '2024-05-20 12:30:00'),
(943, 2, '2024-05-20 13:00:00'),
(944, 2, '2024-05-20 13:30:00'),
(945, 2, '2024-05-20 14:00:00'),
(946, 2, '2024-05-21 09:00:00'),
(947, 2, '2024-05-21 09:30:00'),
(948, 2, '2024-05-21 10:00:00'),
(949, 2, '2024-05-21 10:30:00'),
(950, 2, '2024-05-21 11:00:00'),
(951, 2, '2024-05-21 11:30:00'),
(952, 2, '2024-05-21 12:00:00'),
(953, 2, '2024-05-21 12:30:00'),
(954, 2, '2024-05-21 13:00:00'),
(955, 2, '2024-05-21 13:30:00'),
(956, 2, '2024-05-21 14:00:00'),
(957, 2, '2024-05-22 09:00:00'),
(958, 2, '2024-05-22 09:30:00'),
(959, 2, '2024-05-22 10:00:00'),
(960, 2, '2024-05-22 10:30:00'),
(961, 2, '2024-05-22 11:00:00'),
(962, 2, '2024-05-22 11:30:00'),
(963, 2, '2024-05-22 12:00:00'),
(964, 2, '2024-05-22 12:30:00'),
(965, 2, '2024-05-22 13:00:00'),
(966, 2, '2024-05-22 13:30:00'),
(967, 2, '2024-05-22 14:00:00'),
(968, 2, '2024-05-23 09:00:00'),
(969, 2, '2024-05-23 09:30:00'),
(970, 2, '2024-05-23 10:00:00'),
(971, 2, '2024-05-23 10:30:00'),
(972, 2, '2024-05-23 11:00:00'),
(973, 2, '2024-05-23 11:30:00'),
(974, 2, '2024-05-23 12:00:00'),
(975, 2, '2024-05-23 12:30:00'),
(976, 2, '2024-05-23 13:00:00'),
(977, 2, '2024-05-23 13:30:00'),
(978, 2, '2024-05-23 14:00:00'),
(979, 2, '2024-05-24 09:00:00'),
(980, 2, '2024-05-24 09:30:00'),
(981, 2, '2024-05-24 10:00:00'),
(982, 2, '2024-05-24 10:30:00'),
(983, 2, '2024-05-24 11:00:00'),
(984, 2, '2024-05-24 11:30:00'),
(985, 2, '2024-05-24 12:00:00'),
(986, 2, '2024-05-24 12:30:00'),
(987, 2, '2024-05-24 13:00:00'),
(988, 2, '2024-05-24 13:30:00'),
(989, 2, '2024-05-24 14:00:00'),
(990, 2, '2024-05-25 09:00:00'),
(991, 2, '2024-05-25 09:30:00'),
(992, 2, '2024-05-25 10:00:00'),
(993, 2, '2024-05-25 10:30:00'),
(994, 2, '2024-05-25 11:00:00'),
(995, 2, '2024-05-25 11:30:00'),
(996, 2, '2024-05-25 12:00:00'),
(997, 2, '2024-05-25 12:30:00'),
(998, 2, '2024-05-25 13:00:00'),
(999, 2, '2024-05-25 13:30:00'),
(1000, 2, '2024-05-25 14:00:00'),
(1001, 2, '2024-05-26 09:00:00'),
(1002, 2, '2024-05-26 09:30:00'),
(1003, 2, '2024-05-26 10:00:00'),
(1004, 2, '2024-05-26 10:30:00'),
(1005, 2, '2024-05-26 11:00:00'),
(1006, 2, '2024-05-26 11:30:00'),
(1007, 2, '2024-05-26 12:00:00'),
(1008, 2, '2024-05-26 12:30:00'),
(1009, 2, '2024-05-26 13:00:00'),
(1010, 2, '2024-05-26 13:30:00'),
(1011, 2, '2024-05-26 14:00:00'),
(1012, 2, '2024-05-27 09:00:00'),
(1013, 2, '2024-05-27 09:30:00'),
(1014, 2, '2024-05-27 10:00:00'),
(1015, 2, '2024-05-27 10:30:00'),
(1016, 2, '2024-05-27 11:00:00'),
(1017, 2, '2024-05-27 11:30:00'),
(1018, 2, '2024-05-27 12:00:00'),
(1019, 2, '2024-05-27 12:30:00'),
(1020, 2, '2024-05-27 13:00:00'),
(1021, 2, '2024-05-27 13:30:00'),
(1022, 2, '2024-05-27 14:00:00'),
(1023, 2, '2024-05-28 09:00:00'),
(1024, 2, '2024-05-28 09:30:00'),
(1025, 2, '2024-05-28 10:00:00'),
(1026, 2, '2024-05-28 10:30:00'),
(1027, 2, '2024-05-28 11:00:00'),
(1028, 2, '2024-05-28 11:30:00'),
(1029, 2, '2024-05-28 12:00:00'),
(1030, 2, '2024-05-28 12:30:00'),
(1031, 2, '2024-05-28 13:00:00'),
(1032, 2, '2024-05-28 13:30:00'),
(1033, 2, '2024-05-28 14:00:00'),
(1034, 2, '2024-05-29 09:00:00'),
(1035, 2, '2024-05-29 09:30:00'),
(1036, 2, '2024-05-29 10:00:00'),
(1037, 2, '2024-05-29 10:30:00'),
(1038, 2, '2024-05-29 11:00:00'),
(1039, 2, '2024-05-29 11:30:00'),
(1040, 2, '2024-05-29 12:00:00'),
(1041, 2, '2024-05-29 12:30:00'),
(1042, 2, '2024-05-29 13:00:00'),
(1043, 2, '2024-05-29 13:30:00'),
(1044, 2, '2024-05-29 14:00:00'),
(1045, 2, '2024-05-30 09:00:00'),
(1046, 2, '2024-05-30 09:30:00'),
(1047, 2, '2024-05-30 10:00:00'),
(1048, 2, '2024-05-30 10:30:00'),
(1049, 2, '2024-05-30 11:00:00'),
(1050, 2, '2024-05-30 11:30:00'),
(1051, 2, '2024-05-30 12:00:00'),
(1052, 2, '2024-05-30 12:30:00'),
(1053, 2, '2024-05-30 13:00:00'),
(1054, 2, '2024-05-30 13:30:00'),
(1055, 2, '2024-05-30 14:00:00');

-- --------------------------------------------------------

--
-- Δομή πίνακα για τον πίνακα `user`
--

CREATE TABLE `user` (
  `id` int(11) NOT NULL,
  `email` varchar(40) NOT NULL,
  `password` varchar(10) NOT NULL,
  `fullname` varchar(50) NOT NULL,
  `idcard` varchar(12) NOT NULL,
  `role` enum('Ασθενής','Ιατρός','Γραμματέας','') NOT NULL
) ENGINE=InnoDB DEFAULT CHARSET=utf8mb4 COLLATE=utf8mb4_general_ci;

--
-- Άδειασμα δεδομένων του πίνακα `user`
--

INSERT INTO `user` (`id`, `email`, `password`, `fullname`, `idcard`, `role`) VALUES
(1, 'dh@hopkins.com', 'dh', 'Dr. House', '1234', 'Ιατρός'),
(7, 'info@hopkins.com', 'info', 'Γραμματέας Α', '123456', 'Γραμματέας'),
(8, 'johnd@hopkins.com', 'johnd', 'John D', '654321', 'Ιατρός'),
(9, 'p1@p.com', 'p1', 'Nick Portokalos', '1237654', 'Ασθενής'),
(10, 'p2@p.com', 'p2', 'Mike Philipousis', '65432123', 'Ασθενής'),
(11, 'p3@p.com', 'p3', 'George Loukis', '123123', 'Ασθενής'),
(13, 'p4@p.com', 'p4', 'John Smith', '1234567890', 'Ασθενής'),
(14, 'p5@p.com', 'p5', 'Jane Doe', '0987654321', 'Ασθενής'),
(15, 'p6@p.com', 'p6', 'Alex Johnson', '1357924680', 'Ασθενής'),
(16, 'p7@p.com', 'p7', 'Emily Brown', '9876543210', 'Ασθενής'),
(17, 'p8@p.com', 'p8', 'Michael Wilson', '5432167890', 'Ασθενής');

--
-- Ευρετήρια για άχρηστους πίνακες
--

--
-- Ευρετήρια για πίνακα `appointment`
--
ALTER TABLE `appointment`
  ADD PRIMARY KEY (`id`);

--
-- Ευρετήρια για πίνακα `doctor`
--
ALTER TABLE `doctor`
  ADD PRIMARY KEY (`id`);

--
-- Ευρετήρια για πίνακα `patient`
--
ALTER TABLE `patient`
  ADD PRIMARY KEY (`id`);

--
-- Ευρετήρια για πίνακα `record`
--
ALTER TABLE `record`
  ADD PRIMARY KEY (`id`);

--
-- Ευρετήρια για πίνακα `slot`
--
ALTER TABLE `slot`
  ADD PRIMARY KEY (`id`);

--
-- Ευρετήρια για πίνακα `user`
--
ALTER TABLE `user`
  ADD PRIMARY KEY (`id`);

--
-- AUTO_INCREMENT για άχρηστους πίνακες
--

--
-- AUTO_INCREMENT για πίνακα `appointment`
--
ALTER TABLE `appointment`
  MODIFY `id` int(11) NOT NULL AUTO_INCREMENT, AUTO_INCREMENT=8;

--
-- AUTO_INCREMENT για πίνακα `doctor`
--
ALTER TABLE `doctor`
  MODIFY `id` int(11) NOT NULL AUTO_INCREMENT, AUTO_INCREMENT=3;

--
-- AUTO_INCREMENT για πίνακα `patient`
--
ALTER TABLE `patient`
  MODIFY `id` int(11) NOT NULL AUTO_INCREMENT, AUTO_INCREMENT=13;

--
-- AUTO_INCREMENT για πίνακα `record`
--
ALTER TABLE `record`
  MODIFY `id` int(11) NOT NULL AUTO_INCREMENT, AUTO_INCREMENT=7;

--
-- AUTO_INCREMENT για πίνακα `slot`
--
ALTER TABLE `slot`
  MODIFY `id` int(11) NOT NULL AUTO_INCREMENT, AUTO_INCREMENT=1056;

--
-- AUTO_INCREMENT για πίνακα `user`
--
ALTER TABLE `user`
  MODIFY `id` int(11) NOT NULL AUTO_INCREMENT, AUTO_INCREMENT=18;
COMMIT;

/*!40101 SET CHARACTER_SET_CLIENT=@OLD_CHARACTER_SET_CLIENT */;
/*!40101 SET CHARACTER_SET_RESULTS=@OLD_CHARACTER_SET_RESULTS */;
/*!40101 SET COLLATION_CONNECTION=@OLD_COLLATION_CONNECTION */;
